INSERT INTO `area_coordinacion` (`id`, `nombre`, `estatus`) VALUES	(1, 'Coordinación', 1),	(2, 'Área Académica', 1),	(3, 'Área Jurídica', 1),	(4, 'Área de Planeción y Espacios Educativos', 1),	(5, 'Área de Vinculación', 1),	(6, 'Área de administración y Finanzas', 1),	(7, 'Área de Informática', 1),	(8, 'Área de Enlace Institucional', 1);
INSERT INTO `contenido_pagina` (`id`, `nombre`, `archivo_vista`, `texto`, `pdf`, `imagen`, `estatus`, `pagina_cecyte_id`) VALUES	(1, 'Planes y programas', 'academica1.jpg', 'Realizar el análisis y la validación de los estudios de factibilidad y pertinencia relacionados con movimientos de creación, nueva operación, refrendo, actualización y liquidación de los programas educativos.', NULL, NULL, 1, 1),	(2, 'Interculturalidad', 'academica2.jpg', 'Dar seguimiento a la implementación del Programa Intercultural, con la finalidad de fomentar una cultura de inclusión en los 30 Colegios. Asimismo, realizar un primer encuentro nacional de Interculturalidad.', NULL, NULL, 1, 1),	(3, 'Oferta Educativa', 'academica3.jpg', 'Consistente en el proceso de registro de planteles y carreras ofertadas por los CECYTE a nivel nacional ante la D.G.P. y, con esos elementos, elaborar un concentrado global de lo registrado ante la instancia en comento.', NULL, NULL, 1, 1),	(4, 'Mesa de ayuda de la DGP', 'academica4.jpg', 'Asistir a las Direcciones Generales de los estados ante la mesa de ayuda de la D.G.P. principalmente en la transición a títulos electrónicos.', NULL, NULL, 1, 1),	(5, 'Guía Metodológica', 'academica5.jpg', 'Instrumento de apoyo para solicitar movimiento sobre la oferta educativa, tales como: refrendo, nueva carrera, nueva operación y liquidación.', NULL, NULL, 1, 1),	(6, 'Capacitación Docente', 'academica6.jpg', 'Se fomenta la difusión, participación y seguimiento de los cursos que ofrece la COSDAC; para mantener una capacitación continua de los docentes en los 30 Colegios.', NULL, NULL, 1, 1),	(7, 'Normalidad Mínima', 'academica7.jpg', 'Se aplica al cumplimiento de los rasgos mínimos de la normalidad escolar en los planteles, mediante una propuesta de materiales específicos que contribuyan a la mejora educativa.', NULL, NULL, 1, 1),	(8, 'Academias', 'academica8.jpg', 'Instrumento de apoyo para solicitar movimiento sobre la oferta educativa, tales como: refrendo, nueva carrera, nueva operación y liquidación.', NULL, NULL, 1, 1),	(9, 'EMSaD', 'academica9.jpg', 'Se fomenta la difusión, participación y seguimiento de los cursos que ofrece la COSDAC; para mantener una capacitación continua de los docentes en los 30 Colegios.\r\n\r\n', NULL, NULL, 1, 1),	(10, 'Cursos de Inducción', 'academica10.jpg', 'Se aplica al cumplimiento de los rasgos mínimos de la normalidad escolar en los planteles, mediante una propuesta de materiales específicos que contribuyan a la mejora educativa.\r\n\r\n', NULL, NULL, 1, 1),	(11, 'Profesionalización Docente', 'academica11.jpg', 'Las academias se llevan a cabo, con el propósito de conocer y socializar las metodologías empleadas por los docentes en cada campo disciplinar, así como identificar los problemas de aprendizaje de los alumnos para establecer las estrategias correspondientes.', NULL, NULL, 1, 1),	(12, 'Simplificación Administrativa', 'academica12.jpg', 'Se da seguimiento a la operación de los Centros EMSaD de acuerdo a la normatividad establecida en los 15 Colegios; así como orientar la aplicación de la misma.\r\n\r\n', NULL, NULL, 1, 1),	(13, 'Construyet', 'academica13.jpg', 'Se realiza con la finalidad de regularizar a los alumnos egresados de secundaria en Matemáticas, Lectura y Ciencias Experimentales, para su ingreso al nivel Medio Superior.\r\n\r\n', NULL, NULL, 1, 1),	(14, 'Normas de Control Escolar', 'academica14.jpg', 'Impulsar la capacitación y estadías docentes con otros centros e instituciones educativas nacionales e internacionales.\r\n\r\n', NULL, NULL, 1, 1),	(15, 'Imagen 1', 'vinculacion1.jpg', NULL, NULL, 'vinculacion1.jpg', 1, 2),	(16, 'Imagen 2', 'vinculacion2.jpg', NULL, NULL, 'vinculacion2.jpg', 1, 2),	(17, 'Imagen 3', 'vinculacion3.jpg', NULL, NULL, 'vinculacion3.jpg', 1, 2),	(18, 'Imagen 4', 'vinculacion4.jpg', NULL, NULL, 'vinculacion4.jpg', 1, 2),	(19, 'Imagen 5', 'vinculacion5.jpg', NULL, NULL, 'vinculacion5.jpg', 1, 2),	(20, 'Imagen 6', 'vinculacion6.jpg', NULL, NULL, 'vinculacion6.jpg', 1, 2),	(21, 'Imagen 7', 'vinculacion7.jpg', NULL, NULL, 'vinculacion7.jpg', 1, 2),	(22, 'Planeacion', 'planeacion1.jpg', NULL, 'planeacion.pdf', NULL, 1, 3),	(23, 'Guías Mecánicas', 'planeacion2.jpg', 'Es el programa mediante el cual se actualizan y/o elaboran proyectos ejecutivos de construcción de aulas, talleres, laboratorios y edificios administrativos que se requieren para la operación de los Colegios CECyTE.', NULL, NULL, 1, 3),	(24, 'Infraestructura Física Educativa', 'planeacion3.jpg', 'Con el objetivo de dar seguimiento a los Programas Anuales y así contar con la información correspondiente a la Infraestructura Física y/o Equipamiento, se les solicitara a los 30 Colegios la información cuantitativa, la cual está respaldada de los indicadores en el Proyecto No. 5 Fortalecimiento en Infraestructura y Equipamiento reportados en su Programa Anual 2020, en reportes trimestrales.', NULL, NULL, 1, 3),	(25, 'Diagnóstico de Infraestructura', 'planeacion4.jpg', 'Se les solicitara a los 30 Colegios el Historial y el Crecimiento del 2018 y 2019, en Infraestructura Física.\r\n\r\n', NULL, NULL, 1, 3),	(26, 'Revisión de Estudios de Factibilidad', 'planeacion5.jpg', 'Se recibirá la documentación correspondiente por parte de los Colegios, para cotejar los criterios y requisitos para la creación o conversión de instituciones de educación media superior, en la modalidad de organismos descentralizados locales (ODES), así como para la creación de planteles.', NULL, NULL, 1, 3),	(27, 'academica 1', 'cecyte.png', 'hola', NULL, NULL, 0, 1),	(28, 'asd', 'pikachu.PNG', NULL, NULL, 'pikachu.PNG', 0, 1),	(29, 'sdsd', 'ejemplo.png', NULL, 'VASCONI_.pdf', NULL, 0, 1),	(30, 'Banner Coordinación', 'banner.jpg', NULL, NULL, NULL, 1, 4),	(31, 'Politicas publica', 'LineasPoliticaPublica.png', NULL, 'LineasPoliticaPublica.pdf', NULL, 1, 5),	(32, 'Calendario 2020-2021', 'Calendario2020-2021.jpeg', NULL, 'Calendario2020-2021.pdf', NULL, 1, 5),	(33, 'Certificación Digital<br><br>\r\n', 'Recurso 1-100.jpg\r\n', 'Generación del módulo de certificación Digital para los alumnos de los 30 Colegios de Estudios Científicos y Tecnológicos.\r\n', NULL, NULL, 1, 7),	(34, 'Generación de Título Digital\r\n', 'Recurso 9-100.jpg\r\n', 'Generación del módulo de Título Digital para los alumnos de los 30 Colegios de Estudios Científicos y Tecnológicos.\r\n', NULL, NULL, 1, 7),	(35, 'Seguimiento de Egresados \r\n', 'Recurso 8-100.jpg\r\n', 'Implementar un sistema informático que permita la obtención de información respecto a los egresados de los CECyTEs.\r\n', NULL, NULL, 1, 7),	(36, '<br>Google for Education<br><br>', 'Recurso 10-100.jpg\r\n', 'Enriquecer el aprendizaje, utilizando herramientas digitales como apoyo a los alumnos y docentes fuera de las aulas.\r\n', NULL, NULL, 1, 7);
INSERT INTO `estado` (`id`, `nombre`, `imagen`, `enlace`, `estatus`) VALUES	(1, 'Aguascalientes', 'aguascalientes.jpg', 'https://www.aguascalientes.gob.mx/cecytea/', 1),	(2, 'Baja California', 'baja-california.jpg', 'http://www.cecytebc.edu.mx/', 1),	(3, 'Baja California Sur', 'baja-california-sur.jpg', 'https://cecytebcs.edu.mx/', 1),	(4, 'Campeche', 'campeche.jpg', 'https://www.cecytcampeche.edu.mx/', 1),	(5, 'Coahuila', 'coahuila.jpg', 'https://www.cecytec.edu.mx/', 1),	(6, 'Colima', 'colima.jpg', NULL, 0),	(7, 'Chiapas', 'chiapas.jpg', 'https://cecytech.edu.mx/', 1),	(8, 'Chihuahua', 'chihuahua.jpg', 'http://www.cecytechihuahua.edu.mx/', 1),	(9, 'Ciudad de México', 'aa.jpg', NULL, 0),	(10, 'Durango', 'durango.jpg', 'https://www.cecyted.edu.mx/', 1),	(11, 'Guanajuato', 'guanajuato.jpg', 'http://www.cecyteg.edu.mx/cecyteg/', 1),	(12, 'Guerrero', 'guerrero.jpg', 'http://cecyte-gro.edu.mx/', 1),	(13, 'Hidalgo', 'hidalgo.jpg', 'http://www.cecyteh.edu.mx/', 1),	(14, 'Jalisco', 'jalisco.jpg', 'http://www.cecytejalisco.edu.mx/', 1),	(15, 'Estado de México', 'estado-de-Mexico.jpg', 'http://cecytem.edomex.gob.mx/', 1),	(16, 'Michoacan', 'michoacan.jpg', 'http://cecytemichoacan.edu.mx/', 1),	(17, 'Morelos', 'morelos.jpg', 'http://www.cecytemorelos.edu.mx/', 1),	(18, 'Nayarit', 'nayarit.jpg', 'http://www.cecyten.edu.mx/', 1),	(19, 'Nuevo León', 'nuevo-leon.jpg', 'https://www.nl.gob.mx/cecyte', 1),	(20, 'Oaxaca', 'oaxaca.jpg', 'http://www.cecyteo.edu.mx/nova/site/index', 1),	(21, 'Puebla', 'puebla.jpg', 'http://www.cecytepuebla.edu.mx/', 1),	(22, 'Queretaro', 'queretaro.jpg', 'http://www.cecyteq.edu.mx/', 1),	(23, 'Quintana Roo', 'quintana-roo.jpg', 'https://www.cecyteqroo.edu.mx/web/', 1),	(24, 'San Luis Potosí', 'san-luis-potosi.jpg', 'http://www.cecyteslp.edu.mx/', 1),	(25, 'Sinaloa', 'sinaloa.jpg', 'http://cecytesinaloa.edu.mx/web/', 1),	(26, 'Sonora', 'sonora.jpg', 'http://www.cecytes.edu.mx/cecytesnet/portalcecyte/', 1),	(27, 'Tabasco', 'tabasco.jpg', 'http://www.cecytab.edu.mx/', 1),	(28, 'Tamaulipas', 'tamaulipas.jpg', NULL, 1),	(29, 'Tlaxcala', 'tlaxcala.jpg', NULL, 1),	(30, 'Veracruz', 'veracruz.jpg', 'http://cecytev.edu.mx/', 1),	(31, 'Yucatán', 'yucatan.jpg', 'http://cecytey.yucatan.gob.mx/', 1),	(32, 'Zacatecas', 'zacatecas.jpg', 'http://www.cecytezac.edu.mx/', 1);
INSERT INTO `mision_y_vision` (`id`, `mision`, `vision`, `estatus`) VALUES	(1, 'Contribuir a una educación con excelencia, inclusión,equidad y perspectiva de género como fundamentos esenciales para la formación integral de jóvenes y adolescentes en el nivel medio superior,a través de la conformación de un marco normativo correspondiente y de apoyo colaborativo con los organismos descentralizados estatales de los CECyTEs.', 'Ser la instancia normativa de excelencia para los organismos descentralizados estatales de los CECyTEs, que permita reconocer a sus jóvenes y adolenscentes egresados como líderes con una formación integral con altos principios académicos competentes e identificados con su realidad.', 1);
INSERT INTO `oferta_educativa_area` (`id`, `nombre`, `estatus`) VALUES	(1, 'Ingeniería, Manufactura y Construcción', 1),	(2, 'Ciencias Sociales, Administración y Derecho', 1),	(3, 'Ciencias Naturales, Exactas y de la Computación\r\n', 1),	(4, 'Salud\r\n', 1),	(5, 'Artes y Humanidades\r\n', 1),	(6, 'Agronomía y Veterinaria\r\n', 1),	(7, 'Educación\r\n', 1),	(8, 'Servicios', 1);
INSERT INTO `oferta_educativa_carrera` (`id`, `nombre`, `archivo_carrera`, `archivo_programa`, `estatus`, `area_estudio_id`) VALUES	(1, 'Autotrónica', 'Autotrónica.pdf', 'Autotronica.pdf', 1, 1),	(2, 'Biotecnología', 'Técnico en Biotecnología.pdf', 'Biotecnología.pdf', 1, 1),	(3, 'Construcción', 'Técnico Construcción.pdf', 'Construcción.pdf', 1, 1),	(4, 'Diseño y Fabricación de Muebles de Madera', 'Técnico Diseño y fabricación de muebles de madera.pdf', 'Diseño y Fabricacion de Muebles de Madera.pdf', 1, 1),	(5, 'Electricidad', 'Técnico Electricidad.pdf', 'Electricidad.pdf', 1, 1),	(6, 'Electromecánica', 'Técnico Electromecánica.pdf', 'Electromecánica.pdf', 1, 1),	(7, 'Electrónica', 'Técnico Electrónica.pdf', 'Electrónica.pdf', 1, 1),	(8, 'Fuentes Alternas de Energía', 'Técnico Fuentes Alternas de Energía.pdf', 'Fuentes Alternas de Energia.pdf', 1, 1),	(9, 'Instrumentación Industrial', 'Instrumentación industrial.pdf', 'INNSTRUMENTACIÓN INDUSTRIAL-OK.pdf', 1, 1),	(10, 'Mantenimiento a Motores de Combustión Interna', 'Técnico Mantenimiento a Motores de Combustión Interna.pdf', 'MANTENIMIENTO A MOTORES DE COMBUSTIÓN INTERNA.pdf', 1, 1),	(11, 'Mantenimiento Automotriz', 'Técnico Mantenimiento Automotriz.pdf', 'Mantenimiento_automotriz.pdf', 1, 1),	(12, 'Mantenimiento de Sistemas Automáticos', 'Técnico en Mantenimiento de Sistemas Automáticos.pdf', 'Mantenimiento_de_sistemas_automaticos.pdf', 1, 1),	(13, 'Mantenimiento Industrial', 'Técnico Mantenimiento Industrial.pdf', 'Mantenimiento Industrial.pdf', 1, 1),	(14, 'Máquinas Herramienta', 'Técnico en Máquinas de Herramienta.pdf', 'Maquinas Herramienta.pdf', 1, 1),	(15, 'Mecánica Industrial', 'Técnico Mecánica Industrial.pdf', 'Mecanica_industrial.pdf', 1, 1),	(16, 'Mecánica Naval', 'Técnico en Mecánica Naval.pdf', 'Mecanica_Naval.pdf', 1, 1),	(17, 'Mecatrónica', 'Técnico en Mecatrónica.pdf', 'Mecatrónica.pdf', 1, 1),	(18, 'Minería', 'Técnico Minería.pdf', 'Mineria.pdf', 1, 1),	(19, 'Producción de Calzado', 'Técnico Producción de calzado.pdf', 'Produccion_de_calzado.pdf', 1, 1),	(20, 'Producción de Prendas de Vestir', 'Técnico en Producción de Prendas de Vestir.pdf', 'Producción_de_prendas_de_vestir.pdf', 1, 1),	(21, 'Producción Industrial', 'Técnico en Producción Industrial.pdf', 'Producción_industrial.pdf', 1, 1),	(22, 'Producción Industrial de Alimentos', 'Técnico en Producción Industrial de Alimentos.pdf', 'Producción_Industrial_de_Alimentos.pdf', 1, 1),	(23, 'Química Industrial', 'Técnico en Química Industrial.pdf', 'Química Industrial.pdf', 1, 1),	(24, 'Recursos Hídricos', 'Tecnico en Recursos Hídricos.pdf', 'Recursos_Hidricos.pdf', 1, 1),	(25, 'Refrigeración y Climatización', 'Técnico en Refrigeración y Climatización.pdf', 'Refrigeración y Climatización.pdf', 1, 1),	(26, 'Sistemas de Manufactura Textil', 'Técnico en Sistemas de Manufactura Textil.pdf', 'Sisitemas de Manufactura textil -.pdf', 1, 1),	(27, 'Soldadura Industrial', 'Técnico en Soldadura Industrial.pdf', 'Soldadura_industrial.pdf', 1, 1),	(28, 'Soporte y Mantenimiento de Equipo de Cómputo', 'Técnico en Soporte y Mantenimiento de Equipo de Cómputo.pdf', 'Soporte_y_mantenimiento_de_equipo_de_c¾mputo.pdf', 1, 1),	(29, 'Transformación de Plásticos', 'Técnico en Transformación de plásticos.pdf', NULL, 1, 1),	(30, 'Asistencia en Dirección y Control de PyMEs', 'Técnico en Asistencia en Dirección y Dirección de PyMES.pdf', 'ASISTENCIA EN DIRECCIÓN Y CONTROL DE PyMEs prog.pdf', 1, 2),	(31, 'Comercio Exterior', 'Técnico Comercio Exterior.pdf', NULL, 1, 2),	(32, 'Desarrollo Comunitario', 'Técnico en Desarrollo Comunitario.pdf', 'Desarrollo Comunitario.pdf', 1, 2),	(33, 'Desarrollo Organizacional', 'Técnico en Desarrollo Organizacional.pdf', 'Desarrollo Organizacional prog.pdf', 1, 2),	(34, 'Desarrollo Sustentable de Microempresas', 'Técnico en Desarrollo Sustentable de Micro empresas.pdf', 'DESARROLLO SUSTENTABLE DE MICROEMPRESAS prog.pdf', 1, 2),	(35, 'Ecoturismo', 'Técnico en Ecoturismo.pdf', 'ECOTURISMO prog.pdf', 1, 2),	(36, 'Estudios de Mercado y de Entornos Sociales', 'Técnico en Estudios de Mercado y de Entornos Sociales.pdf', 'ESTUDIOS DE MERCADO Y DE ENTORNOS SOCIALES-OK prog.pdf', 1, 2),	(37, 'Logística', 'Técnico en Logística.pdf', 'Logística prog.pdf', 1, 2),	(38, 'Preparación de Alimentos y Bebidas', 'Técnico en Preparación de Alimentos y Bebidas.pdf', 'Preparación_de_Alimentos_y_bebidas prog.pdf', 1, 2),	(39, 'Procesos de Gestión Administrativa', 'Técnico en Procesos de Gestión Administrativa.pdf', 'PROCESOS DE GESTIÓN ADMINISTRATIVA-REVISADA-OK prog.pdf', 1, 2),	(40, 'Servicios de Hospedaje', 'Técnico en Servicios de Hospedaje.pdf', 'Servicios_de_hospedaje prog.pdf', 1, 2),	(41, 'Servicios de Hotelería', 'Técnico en Servicios de Hotelería.pdf', 'Servicios de Hoteleria prog.pdf', 1, 2),	(42, 'Trabajo Social', 'Técnico en Trabajo Social.pdf', 'Trabajo_social prog.pdf', 1, 2),	(43, 'Ventas', 'Técnico en Ventas.pdf', 'Ventas prog.pdf', 1, 2),	(44, 'Gestión Ambiental', 'Técnico en Gestión Ambiental.pdf', 'GESTIÓN AMBIENTAL-OK- prog.pdf', 1, 3),	(45, 'Laboratorista Químico', 'Técnico en Laboratorista Químico.pdf', 'Laboratorista Químico Prog.pdf', 1, 3),	(46, 'Programación', 'Tecnico en Programación.pdf', 'Programación Prog.pdf', 1, 3),	(47, 'Asistencia a Personas con Discapacidad y Adultos Mayores', 'Tecnico en Asistencia a Personas con Discapacidad y Adultos Mayores.pdf', 'Asistencia a Personas con Discapacidad y Adultos Mayores Prog.pdf', 1, 4),	(48, 'Enfermería General', 'Técnico en Enfermería General.pdf', 'Enfermería general 653 Prog.pdf', 1, 4),	(49, 'Gericultura', 'Tecnico Gericultura.pdf', 'Gericultura Prog.pdf', 1, 4),	(50, 'Laboratorio Clínico', 'Técnico en Laboratorio Clínico.pdf', 'Laboratorio Clínico Prog.pdf', 1, 4),	(51, 'Radiología e Imagen', 'Técnico en Radiología e Imagen.pdf', 'Radiologia_e_imagen Prog.pdf', 1, 4),	(52, 'Animación Digital', 'Técnico en Animación Digital.pdf', 'ANIMACIÓN DIGITAL OK Prg.pdf', 1, 5),	(53, 'Cerámica de Alta Temperatura', 'Técnico en Cerámica de alta temperatura.pdf', 'Ceramica de alta temperatura Prog.pdf', 1, 5),	(54, 'Diseño Gráfico Digital', 'Técnico en Diseño Gráfico Digital.pdf', 'Diseño Gráfico Digital Prog.pdf', 1, 5),	(55, 'Diseño y Fabricación de Muebles Finos de Madera', 'Técnico Diseño y fabricación de muebles de madera.pdf', 'Diseño y Fabricacion de Muebles de Madera.pdf', 1, 5),	(56, 'Música', 'Técnico en Música.pdf', 'Música Prog.pdf', 1, 5),	(57, 'Acuacultura de Aguas Continentales', 'Técnico en Acuacultura de Aguas Continentales.pdf', 'Acuacultura de Aguas Continentales Prog.pdf', 1, 6),	(58, 'Forestal', 'Técnico Forestal.pdf', 'Forestal Prg.pdf', 1, 6),	(59, 'Horticultura Sustentable', 'Técnico en Horticultura Sustentable.pdf', 'HORTICULTURA SUSTENTABLE prog.pdf', 1, 6),	(60, 'Sistemas de Producción Agrícola', 'Técnico en Sistemas de Producción Agrícola.pdf', 'Sistemas de producción agrícola Prog.pdf', 1, 6),	(61, 'Suelos y Fertilizantes', 'Técnico en Suelos y Fertilizantes.pdf', 'Suelos y Fertilizantes Prog.pdf', 1, 6),	(62, 'Puericultura', 'Técnico en Puericultura.pdf', 'Puericultura.pdf', 1, 7),	(63, 'Operación Portuaria', 'Técnico en Operación Portuaria.pdf', 'Operacion_portuaria Progra.pdf', 1, 8),	(64, 'Seguridad e Higiene y Protección Civil', 'Técnico en Seguridad e Higiene y Protección Civil.pdf', 'Seguridad e higiene y proteccion civil Programa es.pdf', 1, 8);
INSERT INTO `pagina_cecyte` (`id`, `nombre`, `objetivo`, `carpeta`) VALUES	(1, 'Area Académica', 'El Área Académica tiene como objetivo coadyuvar, orientar, gestionar y acompañar a los ODES de los CECyTEs en los estados, mediante la elaboración, publicación y aplicación de reglamentos y manuales, facilitando el proceso de enseñanza aprendizaje en la formación integral y tecnológica de los estudiantes de bachillerato general y tecnológico en el marco del modelo de la Nueva Escuela Mexicana y en la profesionalización continua de directivos, docentes y personal de apoyo.\r\n\r\n', 'areas/academica/'),	(2, 'Área de Vinculación\r\n', NULL, 'areas/vinculacion/'),	(3, 'Área de Planeación y Espacio Educativos', 'Seguimiento y evaluación de metas y objetivos de la planeación institucional con base en las prioridades de la política educativa nacional, así como las propias formulada por la Coordinación. La estadística educativa, la gestión y seguimiento de programas federales de obras de infraestructura así como de su mantenimiento preventivo y correctivo, y en general, el desarrollo de insumos de información para una planeación eficaz y eficiente en la atención de las necesidades.', 'areas/planeacion/'),	(4, 'Inicio - Banners', NULL, 'inicio/banners/'),	(5, 'Inicio - Anuncios', NULL, 'inicio/anuncios/'),	(6, 'Inicio - Noticias', NULL, 'inicio/noticias/'),	(7, 'Área de Informática', 'asdsad', 'areas/informatica/');
INSERT INTO `persona_colegio` (`id`, `estado`, `director_general`, `direccion`, `telefono`, `estatus`) VALUES	(61, 'Aguascalientes', 'Misael Jafet Loera Gaytán', '5ª Avenida No. 801 4º Piso Esq. República de Uruguay Fracc. Agricultura Aguascalientes, AGS. C. P. 20234', '449-149-2800', 1),	(62, 'Baja California', 'Javier Santillán Pérez', 'Panamá # 199, Esq. Buenos Aires, Col. Cuahutemoc Mexicali, B. C. C. P. 21200', '686-905-5603', 1),	(63, 'Baja California Sur', 'Gustavo Rodolfo Cruz Chávez', 'Golfo de California No. 190, Col. El Conchalitola PAZ, B. C. S. C. P. 23090', '612-124-2700', 1),	(64, 'Campeche', 'Laura Olimpia Ermila Baqueiro Ramos ', 'Av. Miguel Alemán Mz H-1 LT-15 Y 16, COL. Guadalupe Campeche, CAMP. C. P. 24010', '981-811-3484', 1),	(65, 'Chiapas', 'Sandro Hernández Piñón', '2ª Avenida Sur Oriente #160 Edificio Aldo 6º. Piso Col. Centro Tuxtla Gutiérrez, Chis. C. P. 29000', '961-613-7704', 1),	(66, 'Chihuahua', 'Ana Belinda Ames Russek', 'República del Salvador  NO. 314 Col. Panamericana Chihuahua, CHIH. C. P. 31250', '614-214-4750', 1),	(67, 'Coahuila', 'Demetrio Antonio Zúñiga Sánchez', 'Av. Universidad No. 1060 Col. Universidad  Saltillo, COAH. C. P. 25260', '844-438-8744', 1),	(68, 'Durango', 'Alejandro Mojica Narváez', 'Blvd. Armando del Ccastillo No. 107 Fracc. Los Remedios Durango, DGO. C. P. 34100', '618-130-1402', 1),	(69, 'Guanajuato', 'Virginia Aguilera Santoyo', 'Mar de Timor No. 204 Esq. Av. Pradera Col. Jardínes de la Pradera León, GTO. C. P. 37356', '477-711-8070', 1),	(70, 'Guerrero', 'Jaime Carmona Huerta', 'Carmona Huerta Lázaro Árdenas No. 3; Col. Loma Bonita Chilpancingo, GRO. C. P. 39080', '747-471-1605', 1),	(71, 'Hidalgo', 'Liliana López Reyes', 'Cto. Exhacienda la Concepcion Edificio “B”San Juan TILCUAUTLA Municipio San Agustín Tlaxcala, HGO. C. P. 42160', '771-717-0730', 1),	(72, 'Jalisco', 'Braulio Guadalupe Vazquez  Martinez', 'Calle José Guadalupe Zuno #2315 Guadalajara Jalisco Col. Americana C.P. 44160', '331-854-3677   331-279-8527', 1),	(73, 'Edo. Mexico', 'José Adán Ignacio Rubí Salazar', 'Liberamiento José María Morelos y Pavón # 401 Sur Col. Rancho Guadalupe Metepec, Edo. de Mex. C. P. 521480', '722-275-8040', 1),	(74, 'Michoacan', 'José Hernández Arreola', 'Loma de las liebres  No. 180FRACC. Lomas del Sur Morelia, MICH. C. P. 58095', '443-315-0176', 1),	(75, 'Morelos', 'Susana Domínguez Izaguirre', 'Río Amacuzac # 13 ESQ. Av. Teopanzolcocol. Vista Hermosa Cuernavaca, MOR. C. P. 62290', '777-313-9321', 1),	(76, 'Nayarit', 'Raúl Estrada Jiménez', 'Calle Nardo No. 4, Col. Ciudad Industrial entre girasol y Colosiotepic, NAY. C. P. 63173', '311-216-1500', 1),	(77, 'Nuevo León', 'José Cardenas Cabazos', 'Andes No. 2722, Col. Jardín del Obispado, Monterrey Nuevo León C. P. 64050', '818-864-57-87', 1),	(78, 'Oaxaca', 'Paulo José Luis Tapia Palacios', 'Dálias No. 321 Esq. Sabinos, Col. Reforma. Oaxaca, OAX. C. P. 68050', '951-515-8086', 1),	(79, 'Puebla', 'Carlos Ignacio Mier Bañuelos', 'Colorines No. 2, Col. Bello Horizonte KM. 3.5 Lateral Vista hermosa Recta Cholulacuautlanvingo, PUE. C. P. 72700', '222-409-7456', 1),	(80, 'Querétaro', 'Luis Fernando Pantoja Amaro', 'Carrizal No 27, Col. el Carrizal Santiago de Querétaro, QRO. C. P. 76030', '442-242-1454   442-230-1641', 1),	(81, 'Quintana Roo', 'Juan José Ortiz Cardín', 'Av. Primo de Verdad No. 298-C, L-11, Mza. 09, Col. Centro, Chetmal, Q. ROO, C. P. 77000', '983-832-3040   983-832-5599', 1),	(82, 'San Luis Potosi', 'Isidoro del Camino Ramos', 'Carretera a Guadalajara 1245 Col. Lomas de Tecnológico San Luis Potosi, S. L. P. C. P. 78215', '444-812-1471   444-812-1473', 1),	(83, 'Sinaloa', 'Hilda Rosario Báez Sañudo', NULL, NULL, 1),	(84, 'Sonora', 'Amos Benjamín Moreno Ruíz', 'Calle la Escondida No. 34, COL. Santa Fé,Hermosillo, Son., C. P. 83249', '662-213-9030', 1),	(85, 'Tabasco', 'Andrés Peralta Rivera', 'Calle Río Mezcalapa Num. 106COL. Casa Blanca Villa Hermosa, TAB.', '993-358-0810', 1),	(86, 'Tamaulipas', 'Luis Fernando Campos Martínez', 'Calle 14 entre Veracruz y Nuevo León 1631-A Colonia San Francisco Cd. Victoria, Tamaulipas, México CP 87078', '834-314-3578', 1),	(87, 'Tlaxcala', 'Teodardo Muños Torres', 'Reforma # 10, Col. Tlaltepan Población Apeatitlán Municipio de Apeatitlán de Antonio Carvajal; TLAX., TLAX. C. P. 90610', '246-468-9200', 1),	(88, 'Veracruz', 'Ruth Jaquelin Rosa Cruz', 'Manuel R. Gutiérrez No. 12, Col. del Maestro Xalapa, VER. C. P. 91030', '228-842-1600', 1),	(89, 'Yucatan', 'Sergio Alberto Victoria Palma', 'Tablaje Catastral No. 18631, Col. Polígono Chuburna Mérida, YUC. C. P. 97288', '999-946-0358   999-946-1990', 1),	(90, 'Zacatecas', 'Leonel Gerardo Cordero', 'Arguelles Acosta Elena Poniatowska N°. 16, Col. Ojo de Agua de la Palma, Municipio Guadalupe Zacatecas, ZAC. C. P. 98606', '492-921-1773', 1);
INSERT INTO `persona_coordinacion` (`id`, `nombre`, `cargo`, `extension`, `correo`, `area_coordinacion_id`, `estatus`, `imagen`) VALUES	(15, 'M. Rocío Serrano Barrios', 'Coordinadora de ODES de los CECyTEs', '60-525', 'mrocio.serrano@nube.sep.gob.mx', 1, 1, NULL),	(16, 'Juan Pablo Fernandez Guadarrama ', 'Encargado de Acuerdo', '60-524', 'juanpablo.fernandez@nube.sep.gob.mx', 1, 1, NULL),	(17, 'Susana Hernandez Alquicira', 'Recursos Humanos', '60-622', 'susana.hernandeza@nube.sep.gob.mx', 1, 1, NULL),	(18, 'Ricardo Salvador Gallegos Sanchez', 'Control de almacén y apoyo informático', NULL, 'ricardo.gallegos@nube.sep.gob.mx', 1, 1, NULL),	(19, 'Ernestina Delgadillo Monroy', NULL, NULL, 'ernestina.delgadillo@nube.sep.gob.mx', 6, 1, NULL),	(20, 'Rogelio Ortiz Sandoval', 'Oficialia de partes', '60-545', 'rogelio.ortiz@nube.sep.gob.mx', 1, 1, NULL),	(21, 'Gabriel Hilario Marcelino ', 'Responsable del Area Académica ', '60-546', 'gabriel.hilario@nube.sep.gob.mx', 2, 1, NULL),	(22, 'Benito F. de J. Ceballos Medina ', 'Normatividad Escolar, Academicas, Abandono Escolar', '60-546', 'benito.ceballos@sep.gob.mx', 2, 1, NULL),	(23, 'Lidia Albarrán Luna', 'Evaluación SNB, Construye T, SPD ', '60-546   ', 'lidia.albarran@nube.sep.gob.mx', 2, 1, NULL),	(24, 'Irasema Gabriela Anaya Gálvez', 'Planes y Programas', '60-546    ', 'gabriela.anaya@nube.sep.gob.mx ', 2, 1, NULL),	(25, 'Gabriela Altamirano Patiño', 'EMSaD, Servicio profesional docente', NULL, 'gabriela.altamirano@nube.sep.gob.mx', 2, 1, NULL),	(26, 'Othón Ortiz Garduño', 'Becas Benito Juárez', NULL, 'othon.ortizg@nube.sep.gob.mx', 5, 1, NULL),	(27, 'José Santos Benitez Palomares', 'Apoyo a trámites con DGP', NULL, 'benjamin.diaz@nube.sep.gob.mx', 2, 1, NULL),	(28, 'Alfonso Badillo Ostiguin', 'Responsable del Área Jurídica', NULL, 'alfonso.badillo@nube.sep.gob.mx', 3, 1, NULL),	(29, 'María Asunción Martínez Santillán', 'Código de ética y conducta y capacitación', NULL, 'asuncion.martinez@nube.sep.gob.mx ', 5, 1, NULL),	(30, 'Ricardo López Sánchez', 'Responsable del Área de Planeación y Espacios Educativos ', '60-543', 'ricardo.lopezs@nube.sep.gob.mx', 4, 1, NULL),	(31, 'Patricia Vargas Fuentes', 'Seguimiento a Proyectos Educativos', '60-543', 'patricia.vargas@nube.sep.gob.mx', 4, 1, NULL),	(32, 'Bruno Carrillo Mendoza ', 'Infraestructura', '60-543', 'bruno.carrillo@nube.sep.gob.mx', 4, 1, NULL),	(33, 'Maria del Carmen Zuñiga ', 'Apoyo al Programa Anual ', '60-543 ', 'carmen.cuenca@nube.sep.gob.mx ', 4, 1, NULL),	(34, 'David Díaz Vázquez', 'Responsable del Área de Vinculación', '60-542', 'david.diazv@nube.sep.gob.mx', 5, 1, NULL),	(35, 'Julia Vergara López', 'Comites de vinculación', '60-523 ', 'julia.vergara@nube.sep.gob.mx', 5, 1, NULL),	(36, 'Noé Torres Gutiérrez', 'Reglamentos de Servicio Social, prácticas y vinculación', NULL, 'noe.torres@nube.sep.gob.mx', 5, 1, NULL),	(37, 'Jonathan Cruz Cruz', NULL, NULL, 'ernesto.cruz@nube.sep.gob.mx', 6, 1, NULL),	(38, 'Carlos Dante Jaimes Fajardo', 'Responsable de la Área de Administración y Finanzas', '60-621', 'carlosd.jaimes@nube.sep.gob.mx', 6, 1, NULL),	(39, 'Angélica Esmeralda Rivera Sosa', NULL, '60-621', 'angelica.riveras@nube.sep.gob.mx', 6, 1, NULL),	(40, 'Ángel Aguirre Montiel', NULL, NULL, 'angel.aguirre@nube.sep.gob.mx', 6, 1, NULL),	(41, 'Beatriz Marlet Torres Perea', 'Responsable de Informática', '60-547', 'marlet.torres@nube.sep.gob.mx', 7, 1, NULL),	(42, 'Benjamín Reséndiz Castillo', 'Soporte Técnico', NULL, 'benjamin.resendiz@nube.sep.gob.mx', 7, 1, NULL),	(43, 'Ricardo Quiñones Barrón', 'Programador Analista ', NULL, 'ricardo.barron@nube.sep.gob.mx', 7, 1, NULL),	(44, 'David Díaz Vázquez', 'Responsable de Enlace Institucional', '60-542', 'david.diazv@nube.sep.gob.mx', 8, 1, NULL),	(45, 'Alida Cuevas Noris', 'Diseño y Comunicación', NULL, 'alida.cuevas@nube.sep.gob.mx', 8, 0, NULL),	(46, 'Selene Salgado Recendez', 'Asistencia y Enlace', NULL, 'selene.salgado@nube.sep.gob.mx ', 8, 1, NULL),	(47, 'Stephany Elena Sotelo Villagómez', 'Asistente', '60-644', 'stephany.sotelo@nube.sep.gob.mx', 1, 1, NULL),	(48, 'Idalia Martínez Nava', 'Seguimiento a proyectos', NULL, 'idalia.martinez@nube.sep.gob.mx', 1, 1, NULL),	(49, 'Lady López Zepeda', NULL, NULL, 'lady.lopez@nube.sep.gob.mx', 2, 1, NULL),	(50, 'Miguel Ángel Quintero Almaraz', 'Modelo de emprendedores para el bienestar, laboratorios de bienestar y economía social', '60-514', 'miguel.quintero@nube.sep.gob.mx', 5, 1, NULL);
